{
    "name": "OnPrem_CSV_SOURCE",
    "properties": {
        "linkedServiceName": {
            "referenceName": "FileServer1",
            "type": "LinkedServiceReference"
        },
        "annotations": [],
        "type": "DelimitedText",
        "typeProperties": {
            "location": {
                "type": "FileServerLocation"
            },
            "columnDelimiter": ",",
            "escapeChar": "\\",
            "firstRowAsHeader": true,
            "quoteChar": "\""
        },
        "schema": [
            {
                "name": "Name",
                "type": "String"
            },
            {
                "name": "Title",
                "type": "String"
            },
            {
                "name": "aiconalt",
                "type": "String"
            },
            {
                "name": "View",
                "type": "String"
            },
            {
                "name": "State",
                "type": "String"
            },
            {
                "name": "View1",
                "type": "String"
            },
            {
                "name": "asizebase",
                "type": "String"
            }
        ]
    },
    "type": "Microsoft.DataFactory/factories/datasets"
}