{
    "name": "SQL_DB_SINK",
    "properties": {
        "linkedServiceName": {
            "referenceName": "AzureSqlDatabase1",
            "type": "LinkedServiceReference"
        },
        "parameters": {
            "schema": {
                "type": "string",
                "defaultValue": "default"
            },
            "table": {
                "type": "string",
                "defaultValue": "default"
            }
        },
        "annotations": [],
        "type": "AzureSqlTable",
        "schema": [
            {
                "name": "Name",
                "type": "varchar"
            },
            {
                "name": "title",
                "type": "varchar"
            },
            {
                "name": "rating",
                "type": "varchar"
            },
            {
                "name": "purchase_type",
                "type": "varchar"
            },
            {
                "name": "state",
                "type": "varchar"
            },
            {
                "name": "view1",
                "type": "varchar"
            },
            {
                "name": "airbase",
                "type": "varchar"
            }
        ],
        "typeProperties": {
            "schema": {
                "value": "@dataset().schema",
                "type": "Expression"
            },
            "table": {
                "value": "@dataset().table",
                "type": "Expression"
            }
        }
    },
    "type": "Microsoft.DataFactory/factories/datasets"
}