{
    "name": "OnPrem to Azure SQL db",
    "properties": {
        "activities": [
            {
                "name": "ForEach1",
                "type": "ForEach",
                "dependsOn": [
                    {
                        "activity": "GET TABLE NAMES",
                        "dependencyConditions": [
                            "Succeeded"
                        ]
                    }
                ],
                "userProperties": [],
                "typeProperties": {
                    "items": {
                        "value": "@activity('GET FILE NAMES').output.childItems",
                        "type": "Expression"
                    },
                    "isSequential": true,
                    "activities": [
                        {
                            "name": "Copy data1",
                            "type": "Copy",
                            "dependsOn": [
                                {
                                    "activity": "Set variable",
                                    "dependencyConditions": [
                                        "Succeeded"
                                    ]
                                }
                            ],
                            "policy": {
                                "timeout": "7.00:00:00",
                                "retry": 0,
                                "retryIntervalInSeconds": 30,
                                "secureOutput": false,
                                "secureInput": false
                            },
                            "userProperties": [],
                            "typeProperties": {
                                "source": {
                                    "type": "DelimitedTextSource",
                                    "storeSettings": {
                                        "type": "FileServerReadSettings",
                                        "recursive": true,
                                        "wildcardFileName": {
                                            "value": "@item().name",
                                            "type": "Expression"
                                        },
                                        "enablePartitionDiscovery": false
                                    },
                                    "formatSettings": {
                                        "type": "DelimitedTextReadSettings"
                                    }
                                },
                                "sink": {
                                    "type": "AzureSqlSink",
                                    "preCopyScript": {
                                        "value": "TRUNCATE TABLE @{concat('dbo.',replace(string(item().name),'.csv',''))}",
                                        "type": "Expression"
                                    },
                                    "writeBehavior": "insert",
                                    "sqlWriterUseTableLock": false,
                                    "disableMetricsCollection": false
                                },
                                "enableStaging": false,
                                "enableSkipIncompatibleRow": true,
                                "logSettings": {
                                    "enableCopyActivityLog": true,
                                    "copyActivityLogSettings": {
                                        "logLevel": "Warning",
                                        "enableReliableLogging": false
                                    },
                                    "logLocationSettings": {
                                        "linkedServiceName": {
                                            "referenceName": "adls_source",
                                            "type": "LinkedServiceReference"
                                        }
                                    }
                                },
                                "translator": {
                                    "value": "@json(variables('mapping'))",
                                    "type": "Expression"
                                }
                            },
                            "inputs": [
                                {
                                    "referenceName": "OnPrem_CSV_SOURCE",
                                    "type": "DatasetReference"
                                }
                            ],
                            "outputs": [
                                {
                                    "referenceName": "SQL_DB_SINK",
                                    "type": "DatasetReference",
                                    "parameters": {
                                        "schema": "dbo",
                                        "table": {
                                            "value": "@replace(string(item().name),'.csv','')",
                                            "type": "Expression"
                                        }
                                    }
                                }
                            ]
                        },
                        {
                            "name": "Set variable",
                            "description": "to perform dynamic mapping: we set the configuration as a variable and dynamically insert it into Copy activity.",
                            "type": "SetVariable",
                            "dependsOn": [],
                            "userProperties": [],
                            "typeProperties": {
                                "variableName": "mapping",
                                "value": "{\"type\": \"TabularTranslator\",\"mappings\": [\n{\"source\": {\"name\": \"Name\",\"type\": \"String\",\"physicalType\": \"String\"},\"sink\": {\"name\": \"Name\",\"type\": \"String\",\"physicalType\": \"varchar\"}},\n{\"source\": {\"name\": \"aiconalt\",\"type\": \"String\",\"physicalType\": \"String\"},\"sink\": {\"name\": \"rating\",\"type\": \"String\",\"physicalType\": \"varchar\"}},\n{\"source\": {\"name\": \"View\",\"type\": \"String\",\"physicalType\": \"String\"},\"sink\": {\"name\": \"purchase_type\",\"type\": \"String\",\"physicalType\": \"varchar\"}},\n{\"source\": {\"name\": \"State\",\"type\": \"String\",\"physicalType\": \"String\"},\"sink\": {\"name\": \"state\",\"type\": \"String\",\"physicalType\": \"varchar\"}}\n]}"
                            }
                        }
                    ]
                }
            },
            {
                "name": "GET FILE NAMES",
                "type": "GetMetadata",
                "dependsOn": [],
                "policy": {
                    "timeout": "7.00:00:00",
                    "retry": 0,
                    "retryIntervalInSeconds": 30,
                    "secureOutput": false,
                    "secureInput": false
                },
                "userProperties": [],
                "typeProperties": {
                    "dataset": {
                        "referenceName": "OnPrem_CSV_SOURCE",
                        "type": "DatasetReference"
                    },
                    "fieldList": [
                        "childItems"
                    ],
                    "storeSettings": {
                        "type": "FileServerReadSettings",
                        "recursive": true,
                        "enablePartitionDiscovery": false
                    },
                    "formatSettings": {
                        "type": "DelimitedTextReadSettings"
                    }
                }
            },
            {
                "name": "GET TABLE NAMES",
                "type": "Lookup",
                "dependsOn": [
                    {
                        "activity": "GET FILE NAMES",
                        "dependencyConditions": [
                            "Succeeded"
                        ]
                    }
                ],
                "policy": {
                    "timeout": "7.00:00:00",
                    "retry": 0,
                    "retryIntervalInSeconds": 30,
                    "secureOutput": false,
                    "secureInput": false
                },
                "userProperties": [],
                "typeProperties": {
                    "source": {
                        "type": "AzureSqlSource",
                        "sqlReaderQuery": "select TABLE_NAME FROM   information_schema.TABLES WHERE TABLE_TYPE = 'BASE TABLE' and TABLE_SCHEMA = 'dbo'",
                        "queryTimeout": "02:00:00",
                        "partitionOption": "None"
                    },
                    "dataset": {
                        "referenceName": "SQL_DB_SINK",
                        "type": "DatasetReference",
                        "parameters": {
                            "schema": "default",
                            "table": "default"
                        }
                    },
                    "firstRowOnly": false
                }
            }
        ],
        "variables": {
            "mapping": {
                "type": "String"
            }
        },
        "annotations": [],
        "lastPublishTime": "2022-08-23T02:36:54Z"
    },
    "type": "Microsoft.DataFactory/factories/pipelines"
}