{
    "now": "2022-08-23T06:45:32.708Z",
    "perfNow": 4471139.6,
    "diagnosticCorrelation": "55c92289-a66e-40a4-8122-274e7260974c",
    "source": "DownloadSupportFiles",
    "environment": {
        "productName": "adf",
        "buildVersion": "1.0.081922.7",
        "environmentType": 3,
        "resourceName": "SanjusDF",
        "resourceRegion": "eastus",
        "resourceGroup": "WorkshopRG",
        "subscriptionId": "2d8fbec3-9385-4aaa-9e6f-adfa94baea39",
        "sessionId": "1BPnc",
        "operationId": "CHTu5",
        "gitType": "live"
    },
    "additionalInfo": {
        "selectedResource": "OnPrem to Azure SQL db",
        "selectedResourceType": "pipeline"
    }
}